"said","month"
"suppli"
"meet","said"
"annual"
"spokesman","said"
"said","interest"
"propos","said"
"good"
"shr","profit"
"commiss"
"profit","net","loss"
"dlr","mln","year"
"billion","said"
"forecast"
"march","said"
"inc","shr","qtr"
"merger"
"complet"
"accord"
"west"
"show"
"rev","shr","qtr","net"
"fund"
"rev","loss"
"next"
"averag"
"rev","shr","qtr"
"net","oper"
"deficit"
"rev","qtr","net"
"first","said"
"servic"
"base"
"higher"
"rev","qtr"
"financ"
"futur"
"sourc","said"
"reduc"
"account"
"use"
"tender"
"board","said"
"nine"
"inc","shr","net"
"like"
"effect"
"recent"
"said","govern"
"stg"
"presid"
"remain"
"two","said"
"exchang","said"
"sinc"
"shr","net","year"
"inc","qtr"
"term"
"polici"
"central"
"could","said"
"capit"
"said","may"
"talk"
"see"
"debt"
"said","report"
"close"
"around"
"qtr","loss"
"shr","avg"
"said","analyst"
"day"
"statement"
"plan","said"
"money"
"said","oper"
"avg"
"agricultur"
"inc","net"
"due"
"stake"
"feder"
"buy","said"
"develop"
"announc"
"four"
"wheat"
"shr","loss","net"
"prior"
"minist"
"loan"
"figur"
"credit"
"chang"
"loss","year"
"american"
"loss","profit"
"said","group"
"japanes"
"financi"
"period"
"approv"
"per","dlr"
"manag"
"said","export"
"rais"
"decemb"
"gener"
"inc","shr"
"firm"
"mln","loss"
"fell"
"made"
"cash"
"agreement","said"
"cost"
"spokesman"
"system"
"take"
"declin"
"time"
"mln","note"
"acquisit"
"lower"
"share","per"
"currenc"
"compar"
"econom"
"acquir"
"sourc"
"industri","said"
"depart"
"hold"
"purchas"
"pct","year"
"common"
"agre"
"said","increas"
"secur"
"sharehold"
"sale","said"
"issu"
"level"
"growth"
"estim"
"dlr","loss"
"busi"
"make"
"rate","said"
"sell"
"one","said"
"said","unit"
"gain"
"said","last"
"six"
"major"
"pay"
"earlier"
"net","profit"
"share","mln"
"fall"
"dividend"
"invest"
"five"
"cut"
"continu"
"world"
"said","offer"
"said","product"
"reserv"
"dlr","mln","said"
"tax"
"board"
"said","new"
"offici","said"
"shr","year"
"rev","shr","net"
"oil","said"
"mln","net"
"result"
"earn"
"rev","shr"
"shr","loss"
"also","said"
"ltd"
"shr","qtr","net"
"analyst"
"net","year"
"propos"
"said","stock"
"three"
"set"
"produc"
"trade","said"
"nation"
"state"
"shr","mln"
"meet"
"countri"
"rose"
"could"
"buy"
"dlr","year"
"expect","said"
"foreign"
"billion","dlr"
"said","corp"
"intern"
"today"
"told"
"say"
"dlr","net"
"qtr","net"
"import"
"interest"
"dollar"
"rev","net"
"record"
"shr","qtr"
"last","year"
"japan"
"plan"
"loss","net"
"total"
"current"
"exchang"
"share","dlr"
"inc","said"
"price","said"
"rev"
"first"
"quarter"
"may"
"april"
"agreement"
"rise"
"share","said"
"januari"
"govern"
"week"
"said","market"
"februari"
"mln","year"
"per"
"end"
"group"
"note"
"unit"
"said","bank"
"includ"
"march"
"tonn"
"month"
"said","mln"
"offici"
"qtr"
"industri"
"increas"
"said","year"
"pct","said"
"two"
"offer"
"shr","net"
"report"
"dlr","said"
"export"
"expect"
"product"
"said","would"
"profit"
"one"
"new"
"also"
"rate"
"oil"
"stock"
"oper"
"sale"
"corp"
"loss"
"said","compani"
"last"
"billion"
"market"
"trade"
"inc"
"price"
"shr"
"bank"
"dlr","mln"
"would"
"net"
"share"
"compani"
"pct"
"year"
"dlr"
"mln"
"said"
